Workbook

Sheet Mode d'emploi
B2: Équipements et espaces bien-être
B3: Document de travail Harmony · pré-rempli avec ce que nous avons aujourd'hui, à vérifier et à compléter
B5: Ce qu'on vous demande
B6: Onglet « Équipements » : une ligne par équipement, et une croix dans la colonne de chaque club qui le propose. C'est la seule chose urgente. Les onglets « Textes » et « Clubs » peuvent attendre.
B7: La liste des équipements est fermée, et c'est voulu : sinon un club écrit « Sauna », un autre « sauna finlandais », et les filtres du site ne marchent plus. S'il manque un équipement, ajoutez une ligne en bas, dans les lignes jaunes, et laissez-nous l'identifiant vide : on s'en occupe.
B9: La colonne qui décide de tout : Bien-être
B10: Oui ou Non. Les équipements marqués Oui, et eux seuls, apparaissent sur la page « Espaces wellness » du site et dans le bloc bien-être de chaque page club. Les autres restent de simples équipements, listés sur la page du club.
B11: Aujourd'hui cinq sont à Oui : piscine, sauna, hammam, jacuzzi, jets massants. La piscine est la plus discutable : elle sert aussi aux cours aquatiques et à l'école de natation, et l'annoncer trois fois dans trois discours différents ne rend service à personne. Votre avis nous intéresse sur cette ligne en particulier.
B13: Deux questions posées dans le fichier
B14: Elles sont écrites en orange dans la colonne « Remarques », sur la ligne concernée. Jacuzzi et jets massants : votre document n'en faisait qu'une ligne, « Jacuzzi ou jet massant », nous en faisons deux. Hammam à Veyrier : nous l'avons retiré parce que le document ne le cochait pas, et ce document est ancien.
B16: Les autres colonnes
B17: Identifiant · notre clé technique. Elle ne change jamais, même si l'équipement est renommé. Ne rien y écrire, ne pas la supprimer : c'est elle qui permet de recharger ce fichier sans tout recasser.
... B29: Les lignes déjà remplies viennent du document de disponibilité par club que vous nous avez transmis, et de ce que nous avions avant lui. Elles sont à vérifier, pas à prendre pour argent comptant.

Sheet Équipements
A1: Identifiant | B1: Équipement | C1: Statut | D1: Bien-être | E1: Blandonnet (Essential) | F1: Genève · Eaux-Vives (Essential) | G1: Genève · La Praille (Premium) | H1: Genève · Pâquis (Gym) | I1: Meyrin (Essential) | J1: Versoix (Essential) | K1: Veyrier (Premium) | L1: Denges (Premium) | M1: Gland (Essential) | N1: Signy (Essential) | O1: Nb clubs | P1: Contrôle | Q1: Remarques
A2: musculation | B2: Plateau musculation | C2: Actif | D2: Non | E2: x | F2: x | G2: x | H2: x | I2: x | J2: x | K2: x | L2: x | M2: x | N2: x | O2: =IF(B2="","",COUNTA(E2:N2)) | P2: =IF(B2="","",IF(C2="","Statut à choisir",IF(D2="","Bien-être : oui ou non",IF(O2=0,"Aucun club coché","OK"))))
A3: cardio | B3: Zone cardio | C3: Actif | D3: Non | E3: x | F3: x | G3: x | H3: x | I3: x | J3: x | K3: x | L3: x | M3: x | N3: x | O3: =IF(B3="","",COUNTA(E3:N3)) | P3: =IF(B3="","",IF(C3="","Statut à choisir",IF(D3="","Bien-être : oui ou non",IF(O3=0,"Aucun club coché","OK"))))
A4: fonctionnel | B4: Espace fonctionnel | C4: Actif | D4: Non | E4: x | G4: x | H4: x | I4: x | K4: x | L4: x | N4: x | O4: =IF(B4="","",COUNTA(E4:N4)) | P4: =IF(B4="","",IF(C4="","Statut à choisir",IF(D4="","Bien-être : oui ou non",IF(O4=0,"Aucun club coché","OK"))))
A5: cross | B5: Cross training | C5: Actif | D5: Non | G5: x | I5: x | L5: x | O5: =IF(B5="","",COUNTA(E5:N5)) | P5: =IF(B5="","",IF(C5="","Statut à choisir",IF(D5="","Bien-être : oui ou non",IF(O5=0,"Aucun club coché","OK"))))
A6: salle-cours | B6: Salle de cours | C6: Actif | D6: Non | E6: x | F6: x | G6: x | I6: x | J6: x | K6: x | L6: x | M6: x | N6: x | O6: =IF(B6="","",COUNTA(E6:N6)) | P6: =IF(B6="","",IF(C6="","Statut à choisir",IF(D6="","Bien-être : oui ou non",IF(O6=0,"Aucun club coché","OK"))))
A7: piscine | B7: Piscine | C7: Actif | D7: Oui | G7: x | K7: x | L7: x | O7: =IF(B7="","",COUNTA(E7:N7)) | P7: =IF(B7="","",IF(C7="","Statut à choisir",IF(D7="","Bien-être : oui ou non",IF(O7=0,"Aucun club coché","OK"))))
A8: sauna | B8: Sauna | C8: Actif | D8: Oui | E8: x | F8: x | G8: x | I8: x | J8: x | K8: x | L8: x | M8: x | N8: x | O8: =IF(B8="","",COUNTA(E8:N8)) | P8: =IF(B8="","",IF(C8="","Statut à choisir",IF(D8="","Bien-être : oui ou non",IF(O8=0,"Aucun club coché","OK"))))
A9: hammam | B9: Hammam | C9: Actif | D9: Oui | G9: x | I9: x | L9: x | M9: x | N9: x | O9: =IF(B9="","",COUNTA(E9:N9)) | P9: =IF(B9="","",IF(C9="","Statut à choisir",IF(D9="","Bien-être : oui ou non",IF(O9=0,"Aucun club coché","OK")))) | Q9: Veyrier : le document ne cochait pas le hammam, nous l'avons donc retiré. C'est la seule suppression de l'opération, et le document est ancien : à confirmer.
A10: jacuzzi | B10: Jacuzzi | C10: Actif | D10: Oui | G10: x | K10: x | O10: =IF(B10="","",COUNTA(E10:N10)) | P10: =IF(B10="","",IF(C10="","Statut à choisir",IF(D10="","Bien-être : oui ou non",IF(O10=0,"Aucun club coché","OK")))) | Q10: Le document que vous nous avez transmis dit « Jacuzzi ou jet massant » en une seule ligne. Nous en faisons deux. Merci de préciser club par club, ou de nous dire s'il faut n'en faire qu'un seul équipement.
A11: jets | B11: Jets massants | C11: Actif | D11: Oui | G11: x | L11: x | O11: =IF(B11="","",COUNTA(E11:N11)) | P11: =IF(B11="","",IF(C11="","Statut à choisir",IF(D11="","Bien-être : oui ou non",IF(O11=0,"Aucun club coché","OK")))) | Q11: Même question que pour le jacuzzi : une ligne chez vous, deux chez nous.
A12: parking | B12: Parking | C12: Actif | D12: Non | E12: x | G12: x | I12: x | J12: x | K12: x | L12: x | M12: x | N12: x | O12: =IF(B12="","",COUNTA(E12:N12)) | P12: =IF(B12="","",IF(C12="","Statut à choisir",IF(D12="","Bien-être : oui ou non",IF(O12=0,"Aucun club coché","OK"))))
O13: =IF(B13="","",COUNTA(E13:N13)) | P13: =IF(B13="","",IF(C13="","Statut à choisir",IF(D13="","Bien-être : oui ou non",IF(O13=0,"Aucun club coché","OK"))))
O14: =IF(B14="","",COUNTA(E14:N14)) | P14: =IF(B14="","",IF(C14="","Statut à choisir",IF(D14="","Bien-être : oui ou non",IF(O14=0,"Aucun club coché","OK"))))
O15: =IF(B15="","",COUNTA(E15:N15)) | P15: =IF(B15="","",IF(C15="","Statut à choisir",IF(D15="","Bien-être : oui ou non",IF(O15=0,"Aucun club coché","OK"))))
O16: =IF(B16="","",COUNTA(E16:N16)) | P16: =IF(B16="","",IF(C16="","Statut à choisir",IF(D16="","Bien-être : oui ou non",IF(O16=0,"Aucun club coché","OK"))))
O17: =IF(B17="","",COUNTA(E17:N17)) | P17: =IF(B17="","",IF(C17="","Statut à choisir",IF(D17="","Bien-être : oui ou non",IF(O17=0,"Aucun club coché","OK"))))
O18: =IF(B18="","",COUNTA(E18:N18)) | P18: =IF(B18="","",IF(C18="","Statut à choisir",IF(D18="","Bien-être : oui ou non",IF(O18=0,"Aucun club coché","OK"))))
O19: =IF(B19="","",COUNTA(E19:N19)) | P19: =IF(B19="","",IF(C19="","Statut à choisir",IF(D19="","Bien-être : oui ou non",IF(O19=0,"Aucun club coché","OK"))))
O20: =IF(B20="","",COUNTA(E20:N20)) | P20: =IF(B20="","",IF(C20="","Statut à choisir",IF(D20="","Bien-être : oui ou non",IF(O20=0,"Aucun club coché","OK"))))
O21: =IF(B21="","",COUNTA(E21:N21)) | P21: =IF(B21="","",IF(C21="","Statut à choisir",IF(D21="","Bien-être : oui ou non",IF(O21=0,"Aucun club coché","OK"))))
O22: =IF(B22="","",COUNTA(E22:N22)) | P22: =IF(B22="","",IF(C22="","Statut à choisir",IF(D22="","Bien-être : oui ou non",IF(O22=0,"Aucun club coché","OK"))))

Sheet Listes
A1: OuiNon | B1: Coche | C1: Statuts | E1: Ces listes alimentent les menus déroulants de l'onglet Équipements.
A2: Oui | B2: x | C2: Actif
A3: Non | C3: Nouveau
C4: À retirer

Sheet Textes
A1: Identifiant | B1: Équipement | C1: Description (2 à 3 lignes, site) | D1: Conditions d'accès | E1: Règles d'usage | G1: Les textes du site. Aujourd'hui remplacés par du faux texte sur la page Espaces wellness. Moins urgent que l'onglet Équipements.
A2: musculation | B2: Plateau musculation | G2: Conditions d'accès et règles d'usage : si elles changent d'un club à l'autre, dites-le ici et donnez le détail par club.
A3: cardio | B3: Zone cardio
A4: fonctionnel | B4: Espace fonctionnel
A5: cross | B5: Cross training
A6: salle-cours | B6: Salle de cours
A7: piscine | B7: Piscine
A8: sauna | B8: Sauna
A9: hammam | B9: Hammam
A10: jacuzzi | B10: Jacuzzi
A11: jets | B11: Jets massants
A12: parking | B12: Parking

Sheet Clubs
A1: Identifiant | B1: Club | C1: Catégorie | D1: Canton | E1: Nb équipements | G1: Une colonne par club dans l'onglet Équipements, dans cet ordre. Le compte se met à jour tout seul.
A2: blandonnet | B2: Blandonnet | C2: Essential | D2: Genève | E2: =COUNTA('Équipements'!E2:E22)
A3: geneve-eaux-vives | B3: Genève · Eaux-Vives | C3: Essential | D3: Genève | E3: =COUNTA('Équipements'!F2:F22)
A4: geneve-la-praille | B4: Genève · La Praille | C4: Premium | D4: Genève | E4: =COUNTA('Équipements'!G2:G22)
A5: geneve-paquis | B5: Genève · Pâquis | C5: Gym | D5: Genève | E5: =COUNTA('Équipements'!H2:H22)
A6: meyrin | B6: Meyrin | C6: Essential | D6: Genève | E6: =COUNTA('Équipements'!I2:I22)
A7: versoix | B7: Versoix | C7: Essential | D7: Genève | E7: =COUNTA('Équipements'!J2:J22)
A8: veyrier | B8: Veyrier | C8: Premium | D8: Genève | E8: =COUNTA('Équipements'!K2:K22)
A9: denges | B9: Denges | C9: Premium | D9: Vaud | E9: =COUNTA('Équipements'!L2:L22)
A10: gland | B10: Gland | C10: Essential | D10: Vaud | E10: =COUNTA('Équipements'!M2:M22)
A11: signy | B11: Signy | C11: Essential | D11: Vaud | E11: =COUNTA('Équipements'!N2:N22)
